rgn_id,taxa_code,year,tonnes
1,Abalones nei_447,1995,0.1
1,Abalones nei_447,1996,1
1,Abalones nei_447,1997,0.1
1,Abalones nei_447,1998,4
1,Abalones nei_447,1999,2
1,Abalones nei_447,2000,9
1,Abalones nei_447,2001,16
1,Abalones nei_447,2002,25
1,Abalones nei_447,2003,25
1,Abalones nei_447,2004,31
1,Abalones nei_447,2005,18
1,Abalones nei_447,2006,19
1,Abalones nei_447,2007,10
1,Abalones nei_447,2008,0.05
1,Abalones nei_447,2009,0
1,Abalones nei_447,2010,0
1,Abalones nei_447,2011,0
1,Abalones nei_447,2012,0
1,Abalones nei_447,2013,8.22
1,Abalones nei_447,2014,0.45
1,Abalones nei_447,2015,1.77
1,American cupped oyster_448,2000,283
1,American cupped oyster_448,2001,510
1,American cupped oyster_448,2002,295
1,American cupped oyster_448,2003,400
1,American cupped oyster_448,2004,292
1,American cupped oyster_448,2005,2727
1,American cupped oyster_448,2006,1749
1,American cupped oyster_448,2007,1
1,American cupped oyster_448,2008,0
1,American cupped oyster_448,2009,0
1,American cupped oyster_448,2010,0
1,American cupped oyster_448,2011,0
1,American cupped oyster_448,2012,0
1,American cupped oyster_448,2013,0
1,American cupped oyster_448,2014,0
1,American cupped oyster_448,2015,0
1,Bastard halibuts nei_449,2007,47
1,Bastard halibuts nei_449,2008,56
1,Bastard halibuts nei_449,2009,52
1,Bastard halibuts nei_449,2010,1
1,Bastard halibuts nei_449,2011,0
1,Bastard halibuts nei_449,2012,0
1,Bastard halibuts nei_449,2013,0
1,Bastard halibuts nei_449,2014,0
1,Bastard halibuts nei_449,2015,0
1,"Clams, etc. nei_450",2001,169
1,"Clams, etc. nei_450",2002,1
1,"Clams, etc. nei_450",2003,1
1,"Clams, etc. nei_450",2004,1
1,"Clams, etc. nei_450",2005,75
1,"Clams, etc. nei_450",2006,78
1,"Clams, etc. nei_450",2007,22
1,"Clams, etc. nei_450",2008,148
1,"Clams, etc. nei_450",2009,175
1,"Clams, etc. nei_450",2010,251
1,"Clams, etc. nei_450",2011,349
1,"Clams, etc. nei_450",2012,325
1,"Clams, etc. nei_450",2013,370.49
1,"Clams, etc. nei_450",2014,521
1,"Clams, etc. nei_450",2015,440.53
1,Cortez oyster_451,1994,91
1,Cortez oyster_451,1995,0
1,Cortez oyster_451,1996,174
1,Cortez oyster_451,1997,0
1,Cortez oyster_451,1998,0
1,Cortez oyster_451,1999,0
1,Cortez oyster_451,2000,685
1,Cortez oyster_451,2001,593
1,Cortez oyster_451,2002,21
1,Cortez oyster_451,2003,409
1,Cortez oyster_451,2004,317
1,Cortez oyster_451,2005,593
1,Cortez oyster_451,2006,619
1,Cortez oyster_451,2007,8
1,Cortez oyster_451,2008,1162
1,Cortez oyster_451,2009,1200
1,Cortez oyster_451,2010,1036
1,Cortez oyster_451,2011,608
1,Cortez oyster_451,2012,2590
1,Cortez oyster_451,2013,2421.46
1,Cortez oyster_451,2014,1150
1,Cortez oyster_451,2015,1321.9
1,Crevalle jack_452,2002,2
1,Crevalle jack_452,2003,2
1,Crevalle jack_452,2004,2
1,Crevalle jack_452,2005,0
1,Crevalle jack_452,2006,0
1,Crevalle jack_452,2007,0
1,Crevalle jack_452,2008,0
1,Crevalle jack_452,2009,0
1,Crevalle jack_452,2010,1
1,Crevalle jack_452,2011,5
1,Crevalle jack_452,2012,0.02
1,Crevalle jack_452,2013,0
1,Crevalle jack_452,2014,0
1,Crevalle jack_452,2015,0
1,Flathead grey mullet_453,1994,3
1,Flathead grey mullet_453,1995,0.1
1,Flathead grey mullet_453,1996,0.1
1,Flathead grey mullet_453,1997,0.1
1,Flathead grey mullet_453,1998,0.1
1,Flathead grey mullet_453,1999,0.1
1,Flathead grey mullet_453,2000,1
1,Flathead grey mullet_453,2001,0.1
1,Flathead grey mullet_453,2002,0.1
1,Flathead grey mullet_453,2003,0.1
1,Flathead grey mullet_453,2004,0.1
1,Flathead grey mullet_453,2005,0
1,Flathead grey mullet_453,2006,0
1,Flathead grey mullet_453,2007,0
1,Flathead grey mullet_453,2008,0
1,Flathead grey mullet_453,2009,0
1,Flathead grey mullet_453,2010,0
1,Flathead grey mullet_453,2011,0
1,Flathead grey mullet_453,2012,0
1,Flathead grey mullet_453,2013,0
1,Flathead grey mullet_453,2014,0
1,Flathead grey mullet_453,2015,0
1,Largemouth black bass_454,1994,109
1,Largemouth black bass_454,1995,23
1,Largemouth black bass_454,1996,60
1,Largemouth black bass_454,1997,145
1,Largemouth black bass_454,1998,190
1,Largemouth black bass_454,1999,153
1,Largemouth black bass_454,2000,136
1,Largemouth black bass_454,2001,125
1,Largemouth black bass_454,2002,332
1,Largemouth black bass_454,2003,200
1,Largemouth black bass_454,2004,247
1,Largemouth black bass_454,2005,1148
1,Largemouth black bass_454,2006,1198
1,Largemouth black bass_454,2007,543
1,Largemouth black bass_454,2008,440
1,Largemouth black bass_454,2009,394
1,Largemouth black bass_454,2010,0
1,Largemouth black bass_454,2011,0
1,Largemouth black bass_454,2012,0.44
1,Largemouth black bass_454,2013,3.87
1,Largemouth black bass_454,2014,58
1,Largemouth black bass_454,2015,26.83
1,Marine fishes nei_455,1999,6
1,Marine fishes nei_455,2000,0.1
1,Marine fishes nei_455,2001,0.1
1,Marine fishes nei_455,2002,0.1
1,Marine fishes nei_455,2003,0.1
1,Marine fishes nei_455,2004,0.1
1,Marine fishes nei_455,2005,0
1,Marine fishes nei_455,2006,0
1,Marine fishes nei_455,2007,0
1,Marine fishes nei_455,2008,0
1,Marine fishes nei_455,2009,0
1,Marine fishes nei_455,2010,0
1,Marine fishes nei_455,2011,0
1,Marine fishes nei_455,2012,0
1,Marine fishes nei_455,2013,0
1,Marine fishes nei_455,2014,0
1,Marine fishes nei_455,2015,0
1,Pacific bluefin tuna_456,2001,521
1,Pacific bluefin tuna_456,2002,517
1,Pacific bluefin tuna_456,2003,517
1,Pacific bluefin tuna_456,2004,4193
1,Pacific bluefin tuna_456,2005,3402
1,Pacific bluefin tuna_456,2006,3552
1,Pacific bluefin tuna_456,2007,734
1,Pacific bluefin tuna_456,2008,2919
1,Pacific bluefin tuna_456,2009,2987
1,Pacific bluefin tuna_456,2010,2008
1,Pacific bluefin tuna_456,2011,3557
1,Pacific bluefin tuna_456,2012,1784
1,Pacific bluefin tuna_456,2013,6228.42
1,Pacific bluefin tuna_456,2014,8286
1,Pacific bluefin tuna_456,2015,7854.24
1,Pacific calico scallop_457,1987,20
1,Pacific calico scallop_457,1988,20
1,Pacific calico scallop_457,1989,20
1,Pacific calico scallop_457,1990,30
1,Pacific calico scallop_457,1991,10
1,Pacific calico scallop_457,1992,60
1,Pacific calico scallop_457,1993,60
1,Pacific calico scallop_457,1994,41
1,Pacific calico scallop_457,1995,14
1,Pacific calico scallop_457,1996,10
1,Pacific calico scallop_457,1997,10
1,Pacific calico scallop_457,1998,3
1,Pacific calico scallop_457,1999,0
1,Pacific calico scallop_457,2000,0
1,Pacific calico scallop_457,2001,127
1,Pacific calico scallop_457,2002,3
1,Pacific calico scallop_457,2003,3
1,Pacific calico scallop_457,2004,3
1,Pacific calico scallop_457,2005,0.1
1,Pacific calico scallop_457,2006,0.1
1,Pacific calico scallop_457,2007,0.25
1,Pacific calico scallop_457,2008,0
1,Pacific calico scallop_457,2009,0
1,Pacific calico scallop_457,2010,0
1,Pacific calico scallop_457,2011,0
1,Pacific calico scallop_457,2012,0
1,Pacific calico scallop_457,2013,0
1,Pacific calico scallop_457,2014,0
1,Pacific calico scallop_457,2015,0
1,Pacific cupped oyster_458,1990,2186
1,Pacific cupped oyster_458,1991,2282
1,Pacific cupped oyster_458,1992,1593
1,Pacific cupped oyster_458,1993,993
1,Pacific cupped oyster_458,1994,929
1,Pacific cupped oyster_458,1995,2507
1,Pacific cupped oyster_458,1996,2702
1,Pacific cupped oyster_458,1997,2831
1,Pacific cupped oyster_458,1998,2055
1,Pacific cupped oyster_458,1999,1575
1,Pacific cupped oyster_458,2000,503
1,Pacific cupped oyster_458,2001,892
1,Pacific cupped oyster_458,2002,654
1,Pacific cupped oyster_458,2003,762
1,Pacific cupped oyster_458,2004,639
1,Pacific cupped oyster_458,2005,1417
1,Pacific cupped oyster_458,2006,1479
1,Pacific cupped oyster_458,2007,2099
1,Pacific cupped oyster_458,2008,1729
1,Pacific cupped oyster_458,2009,1558
1,Pacific cupped oyster_458,2010,2858
1,Pacific cupped oyster_458,2011,1963
1,Pacific cupped oyster_458,2012,2479
1,Pacific cupped oyster_458,2013,1974.66
1,Pacific cupped oyster_458,2014,3525
1,Pacific cupped oyster_458,2015,4275.77
1,Red abalone_459,2005,24
1,Red abalone_459,2006,26
1,Red abalone_459,2007,13
1,Red abalone_459,2008,30
1,Red abalone_459,2009,47
1,Red abalone_459,2010,23
1,Red abalone_459,2011,40
1,Red abalone_459,2012,64
1,Red abalone_459,2013,59.68
1,Red abalone_459,2014,22
1,Red abalone_459,2015,18.65
1,Red drum_460,2007,3
1,Red drum_460,2008,23
1,Red drum_460,2009,23
1,Red drum_460,2010,3
1,Red drum_460,2011,0
1,Red drum_460,2012,0
1,Red drum_460,2013,566.02
1,Red drum_460,2014,199
1,Red drum_460,2015,101.47
1,Sea mussels nei_461,1994,18
1,Sea mussels nei_461,1995,35
1,Sea mussels nei_461,1996,106
1,Sea mussels nei_461,1997,197
1,Sea mussels nei_461,1998,53
1,Sea mussels nei_461,1999,68
1,Sea mussels nei_461,2000,88
1,Sea mussels nei_461,2001,104
1,Sea mussels nei_461,2002,18
1,Sea mussels nei_461,2003,18
1,Sea mussels nei_461,2004,18
1,Sea mussels nei_461,2005,119
1,Sea mussels nei_461,2006,125
1,Sea mussels nei_461,2007,280
1,Sea mussels nei_461,2008,354
1,Sea mussels nei_461,2009,427
1,Sea mussels nei_461,2010,218
1,Sea mussels nei_461,2011,465
1,Sea mussels nei_461,2012,284
1,Sea mussels nei_461,2013,248.65
1,Sea mussels nei_461,2014,408
1,Sea mussels nei_461,2015,270.32
1,Snappers nei_462,2007,5
1,Snappers nei_462,2008,8
1,Snappers nei_462,2009,8
1,Snappers nei_462,2010,3
1,Snappers nei_462,2011,0
1,Snappers nei_462,2012,0
1,Snappers nei_462,2013,0
1,Snappers nei_462,2014,0
1,Snappers nei_462,2015,0
1,Whiteleg shrimp_463,1985,35
1,Whiteleg shrimp_463,1986,43
1,Whiteleg shrimp_463,1987,286
1,Whiteleg shrimp_463,1988,551
1,Whiteleg shrimp_463,1989,2846
1,Whiteleg shrimp_463,1990,4371
1,Whiteleg shrimp_463,1991,5111
1,Whiteleg shrimp_463,1992,8326
1,Whiteleg shrimp_463,1993,11500
1,Whiteleg shrimp_463,1994,13454
1,Whiteleg shrimp_463,1995,15867
1,Whiteleg shrimp_463,1996,13315
1,Whiteleg shrimp_463,1997,17422
1,Whiteleg shrimp_463,1998,23749
1,Whiteleg shrimp_463,1999,29120
1,Whiteleg shrimp_464,2000,2039
1,Whiteleg shrimp_463,2000,31441
1,Whiteleg shrimp_464,2001,1961
1,Whiteleg shrimp_463,2001,46053
1,Whiteleg shrimp_464,2002,2717
1,Whiteleg shrimp_463,2002,43136
1,Whiteleg shrimp_464,2003,2941
1,Whiteleg shrimp_463,2003,42916
1,Whiteleg shrimp_464,2004,4630
1,Whiteleg shrimp_463,2004,57731
1,Whiteleg shrimp_465,2005,511
1,Whiteleg shrimp_466,2005,252
1,Whiteleg shrimp_464,2005,2653
1,Whiteleg shrimp_463,2005,3766
1,Whiteleg shrimp_467,2005,82826
1,Whiteleg shrimp_465,2006,952
1,Whiteleg shrimp_466,2006,172
1,Whiteleg shrimp_464,2006,2681
1,Whiteleg shrimp_463,2006,3647
1,Whiteleg shrimp_467,2006,105043
1,Whiteleg shrimp_465,2007,766
1,Whiteleg shrimp_466,2007,185
1,Whiteleg shrimp_464,2007,2317
1,Whiteleg shrimp_463,2007,2954
1,Whiteleg shrimp_467,2007,105565
1,Whiteleg shrimp_465,2008,876
1,Whiteleg shrimp_466,2008,257
1,Whiteleg shrimp_464,2008,2491
1,Whiteleg shrimp_463,2008,4408
1,Whiteleg shrimp_467,2008,122169
1,Whiteleg shrimp_465,2009,808
1,Whiteleg shrimp_466,2009,309
1,Whiteleg shrimp_464,2009,2165
1,Whiteleg shrimp_463,2009,4062
1,Whiteleg shrimp_467,2009,118434
1,Whiteleg shrimp_465,2010,0
1,Whiteleg shrimp_466,2010,5321
1,Whiteleg shrimp_464,2010,0
1,Whiteleg shrimp_463,2010,0
1,Whiteleg shrimp_467,2010,99291
1,Whiteleg shrimp_465,2011,0
1,Whiteleg shrimp_466,2011,2930
1,Whiteleg shrimp_464,2011,0
1,Whiteleg shrimp_463,2011,0
1,Whiteleg shrimp_467,2011,106886
1,Whiteleg shrimp_465,2012,0
1,Whiteleg shrimp_466,2012,3851
1,Whiteleg shrimp_464,2012,0
1,Whiteleg shrimp_463,2012,0
1,Whiteleg shrimp_467,2012,96469
1,Whiteleg shrimp_465,2013,0
1,Whiteleg shrimp_466,2013,3956.39
1,Whiteleg shrimp_464,2013,3956.39
1,Whiteleg shrimp_463,2013,56336
1,Whiteleg shrimp_467,2013,56336
1,Whiteleg shrimp_465,2014,0
1,Whiteleg shrimp_466,2014,4334
1,Whiteleg shrimp_464,2014,0
1,Whiteleg shrimp_463,2014,0
1,Whiteleg shrimp_467,2014,82638.9
1,Whiteleg shrimp_465,2015,0
1,Whiteleg shrimp_466,2015,3095.58
1,Whiteleg shrimp_464,2015,0
1,Whiteleg shrimp_463,2015,0
1,Whiteleg shrimp_467,2015,127265.41
1,Yellowfin tuna_468,1998,79
1,Yellowfin tuna_468,1999,29
1,Yellowfin tuna_468,2000,116
1,Yellowfin tuna_468,2001,0
1,Yellowfin tuna_468,2002,0
1,Yellowfin tuna_468,2003,0
1,Yellowfin tuna_468,2004,0
1,Yellowfin tuna_468,2005,1133
1,Yellowfin tuna_468,2006,1183
1,Yellowfin tuna_468,2007,2078
1,Yellowfin tuna_468,2008,3
1,Yellowfin tuna_468,2009,0
1,Yellowfin tuna_468,2010,0
1,Yellowfin tuna_468,2011,0
1,Yellowfin tuna_468,2012,38
1,Yellowfin tuna_468,2013,170.73
1,Yellowfin tuna_468,2014,61
1,Yellowfin tuna_468,2015,0.67
2,Abalones nei_447,1995,0.1
2,Abalones nei_447,1996,1
2,Abalones nei_447,1997,0.1
2,Abalones nei_447,1998,4
2,Abalones nei_447,1999,2
2,Abalones nei_447,2000,9
2,Abalones nei_447,2001,16
2,Abalones nei_447,2002,25
2,Abalones nei_447,2003,25
2,Abalones nei_447,2004,31
2,Abalones nei_447,2005,18
2,Abalones nei_447,2006,19
2,Abalones nei_447,2007,10
2,Abalones nei_447,2008,0.05
2,Abalones nei_447,2009,0
2,Abalones nei_447,2010,0
2,Abalones nei_447,2011,0
2,Abalones nei_447,2012,0
2,Abalones nei_447,2013,8.22
2,Abalones nei_447,2014,0.45
2,Abalones nei_447,2015,1.77
2,American cupped oyster_448,2000,283
2,American cupped oyster_448,2001,510
2,American cupped oyster_448,2002,295
2,American cupped oyster_448,2003,400
2,American cupped oyster_448,2004,292
2,American cupped oyster_448,2005,2727
2,American cupped oyster_448,2006,1749
2,American cupped oyster_448,2007,1
2,American cupped oyster_448,2008,0
2,American cupped oyster_448,2009,0
2,American cupped oyster_448,2010,0
2,American cupped oyster_448,2011,0
2,American cupped oyster_448,2012,0
2,American cupped oyster_448,2013,0
2,American cupped oyster_448,2014,0
2,American cupped oyster_448,2015,0
2,Bastard halibuts nei_449,2007,47
2,Bastard halibuts nei_449,2008,56
2,Bastard halibuts nei_449,2009,52
2,Bastard halibuts nei_449,2010,1
2,Bastard halibuts nei_449,2011,0
2,Bastard halibuts nei_449,2012,0
2,Bastard halibuts nei_449,2013,0
2,Bastard halibuts nei_449,2014,0
2,Bastard halibuts nei_449,2015,0
2,"Clams, etc. nei_450",2001,169
2,"Clams, etc. nei_450",2002,1
2,"Clams, etc. nei_450",2003,1
2,"Clams, etc. nei_450",2004,1
2,"Clams, etc. nei_450",2005,75
2,"Clams, etc. nei_450",2006,78
2,"Clams, etc. nei_450",2007,22
2,"Clams, etc. nei_450",2008,148
2,"Clams, etc. nei_450",2009,175
2,"Clams, etc. nei_450",2010,251
2,"Clams, etc. nei_450",2011,349
2,"Clams, etc. nei_450",2012,325
2,"Clams, etc. nei_450",2013,370.49
2,"Clams, etc. nei_450",2014,521
2,"Clams, etc. nei_450",2015,440.53
2,Cortez oyster_451,1994,91
2,Cortez oyster_451,1995,0
2,Cortez oyster_451,1996,174
2,Cortez oyster_451,1997,0
2,Cortez oyster_451,1998,0
2,Cortez oyster_451,1999,0
2,Cortez oyster_451,2000,685
2,Cortez oyster_451,2001,593
2,Cortez oyster_451,2002,21
2,Cortez oyster_451,2003,409
2,Cortez oyster_451,2004,317
2,Cortez oyster_451,2005,593
2,Cortez oyster_451,2006,619
2,Cortez oyster_451,2007,8
2,Cortez oyster_451,2008,1162
2,Cortez oyster_451,2009,1200
2,Cortez oyster_451,2010,1036
2,Cortez oyster_451,2011,608
2,Cortez oyster_451,2012,2590
2,Cortez oyster_451,2013,2421.46
2,Cortez oyster_451,2014,1150
2,Cortez oyster_451,2015,1321.9
2,Crevalle jack_452,2002,2
2,Crevalle jack_452,2003,2
2,Crevalle jack_452,2004,2
2,Crevalle jack_452,2005,0
2,Crevalle jack_452,2006,0
2,Crevalle jack_452,2007,0
2,Crevalle jack_452,2008,0
2,Crevalle jack_452,2009,0
2,Crevalle jack_452,2010,1
2,Crevalle jack_452,2011,5
2,Crevalle jack_452,2012,0.02
2,Crevalle jack_452,2013,0
2,Crevalle jack_452,2014,0
2,Crevalle jack_452,2015,0
2,Flathead grey mullet_453,1994,3
2,Flathead grey mullet_453,1995,0.1
2,Flathead grey mullet_453,1996,0.1
2,Flathead grey mullet_453,1997,0.1
2,Flathead grey mullet_453,1998,0.1
2,Flathead grey mullet_453,1999,0.1
2,Flathead grey mullet_453,2000,1
2,Flathead grey mullet_453,2001,0.1
2,Flathead grey mullet_453,2002,0.1
2,Flathead grey mullet_453,2003,0.1
2,Flathead grey mullet_453,2004,0.1
2,Flathead grey mullet_453,2005,0
2,Flathead grey mullet_453,2006,0
2,Flathead grey mullet_453,2007,0
2,Flathead grey mullet_453,2008,0
2,Flathead grey mullet_453,2009,0
2,Flathead grey mullet_453,2010,0
2,Flathead grey mullet_453,2011,0
2,Flathead grey mullet_453,2012,0
2,Flathead grey mullet_453,2013,0
2,Flathead grey mullet_453,2014,0
2,Flathead grey mullet_453,2015,0
2,Largemouth black bass_454,1994,109
2,Largemouth black bass_454,1995,23
2,Largemouth black bass_454,1996,60
2,Largemouth black bass_454,1997,145
2,Largemouth black bass_454,1998,190
2,Largemouth black bass_454,1999,153
2,Largemouth black bass_454,2000,136
2,Largemouth black bass_454,2001,125
2,Largemouth black bass_454,2002,332
2,Largemouth black bass_454,2003,200
2,Largemouth black bass_454,2004,247
2,Largemouth black bass_454,2005,1148
2,Largemouth black bass_454,2006,1198
2,Largemouth black bass_454,2007,543
2,Largemouth black bass_454,2008,440
2,Largemouth black bass_454,2009,394
2,Largemouth black bass_454,2010,0
2,Largemouth black bass_454,2011,0
2,Largemouth black bass_454,2012,0.44
2,Largemouth black bass_454,2013,3.87
2,Largemouth black bass_454,2014,58
2,Largemouth black bass_454,2015,26.83
2,Marine fishes nei_455,1999,6
2,Marine fishes nei_455,2000,0.1
2,Marine fishes nei_455,2001,0.1
2,Marine fishes nei_455,2002,0.1
2,Marine fishes nei_455,2003,0.1
2,Marine fishes nei_455,2004,0.1
2,Marine fishes nei_455,2005,0
2,Marine fishes nei_455,2006,0
2,Marine fishes nei_455,2007,0
2,Marine fishes nei_455,2008,0
2,Marine fishes nei_455,2009,0
2,Marine fishes nei_455,2010,0
2,Marine fishes nei_455,2011,0
2,Marine fishes nei_455,2012,0
2,Marine fishes nei_455,2013,0
2,Marine fishes nei_455,2014,0
2,Marine fishes nei_455,2015,0
2,Pacific bluefin tuna_456,2001,521
2,Pacific bluefin tuna_456,2002,517
2,Pacific bluefin tuna_456,2003,517
2,Pacific bluefin tuna_456,2004,4193
2,Pacific bluefin tuna_456,2005,3402
2,Pacific bluefin tuna_456,2006,3552
2,Pacific bluefin tuna_456,2007,734
2,Pacific bluefin tuna_456,2008,2919
2,Pacific bluefin tuna_456,2009,2987
2,Pacific bluefin tuna_456,2010,2008
2,Pacific bluefin tuna_456,2011,3557
2,Pacific bluefin tuna_456,2012,1784
2,Pacific bluefin tuna_456,2013,6228.42
2,Pacific bluefin tuna_456,2014,8286
2,Pacific bluefin tuna_456,2015,7854.24
2,Pacific calico scallop_457,1987,20
2,Pacific calico scallop_457,1988,20
2,Pacific calico scallop_457,1989,20
2,Pacific calico scallop_457,1990,30
2,Pacific calico scallop_457,1991,10
2,Pacific calico scallop_457,1992,60
2,Pacific calico scallop_457,1993,60
2,Pacific calico scallop_457,1994,41
2,Pacific calico scallop_457,1995,14
2,Pacific calico scallop_457,1996,10
2,Pacific calico scallop_457,1997,10
2,Pacific calico scallop_457,1998,3
2,Pacific calico scallop_457,1999,0
2,Pacific calico scallop_457,2000,0
2,Pacific calico scallop_457,2001,127
2,Pacific calico scallop_457,2002,3
2,Pacific calico scallop_457,2003,3
2,Pacific calico scallop_457,2004,3
2,Pacific calico scallop_457,2005,0.1
2,Pacific calico scallop_457,2006,0.1
2,Pacific calico scallop_457,2007,0.25
2,Pacific calico scallop_457,2008,0
2,Pacific calico scallop_457,2009,0
2,Pacific calico scallop_457,2010,0
2,Pacific calico scallop_457,2011,0
2,Pacific calico scallop_457,2012,0
2,Pacific calico scallop_457,2013,0
2,Pacific calico scallop_457,2014,0
2,Pacific calico scallop_457,2015,0
2,Pacific cupped oyster_458,1990,2186
2,Pacific cupped oyster_458,1991,2282
2,Pacific cupped oyster_458,1992,1593
2,Pacific cupped oyster_458,1993,993
2,Pacific cupped oyster_458,1994,929
2,Pacific cupped oyster_458,1995,2507
2,Pacific cupped oyster_458,1996,2702
2,Pacific cupped oyster_458,1997,2831
2,Pacific cupped oyster_458,1998,2055
2,Pacific cupped oyster_458,1999,1575
2,Pacific cupped oyster_458,2000,503
2,Pacific cupped oyster_458,2001,892
2,Pacific cupped oyster_458,2002,654
2,Pacific cupped oyster_458,2003,762
2,Pacific cupped oyster_458,2004,639
2,Pacific cupped oyster_458,2005,1417
2,Pacific cupped oyster_458,2006,1479
2,Pacific cupped oyster_458,2007,2099
2,Pacific cupped oyster_458,2008,1729
2,Pacific cupped oyster_458,2009,1558
2,Pacific cupped oyster_458,2010,2858
2,Pacific cupped oyster_458,2011,1963
2,Pacific cupped oyster_458,2012,2479
2,Pacific cupped oyster_458,2013,1974.66
2,Pacific cupped oyster_458,2014,3525
2,Pacific cupped oyster_458,2015,4275.77
2,Red abalone_459,2005,24
2,Red abalone_459,2006,26
2,Red abalone_459,2007,13
2,Red abalone_459,2008,30
2,Red abalone_459,2009,47
2,Red abalone_459,2010,23
2,Red abalone_459,2011,40
2,Red abalone_459,2012,64
2,Red abalone_459,2013,59.68
2,Red abalone_459,2014,22
2,Red abalone_459,2015,18.65
2,Red drum_460,2007,3
2,Red drum_460,2008,23
2,Red drum_460,2009,23
2,Red drum_460,2010,3
2,Red drum_460,2011,0
2,Red drum_460,2012,0
2,Red drum_460,2013,566.02
2,Red drum_460,2014,199
2,Red drum_460,2015,101.47
2,Sea mussels nei_461,1994,18
2,Sea mussels nei_461,1995,35
2,Sea mussels nei_461,1996,106
2,Sea mussels nei_461,1997,197
2,Sea mussels nei_461,1998,53
2,Sea mussels nei_461,1999,68
2,Sea mussels nei_461,2000,88
2,Sea mussels nei_461,2001,104
2,Sea mussels nei_461,2002,18
2,Sea mussels nei_461,2003,18
2,Sea mussels nei_461,2004,18
2,Sea mussels nei_461,2005,119
2,Sea mussels nei_461,2006,125
2,Sea mussels nei_461,2007,280
2,Sea mussels nei_461,2008,354
2,Sea mussels nei_461,2009,427
2,Sea mussels nei_461,2010,218
2,Sea mussels nei_461,2011,465
2,Sea mussels nei_461,2012,284
2,Sea mussels nei_461,2013,248.65
2,Sea mussels nei_461,2014,408
2,Sea mussels nei_461,2015,270.32
2,Snappers nei_462,2007,5
2,Snappers nei_462,2008,8
2,Snappers nei_462,2009,8
2,Snappers nei_462,2010,3
2,Snappers nei_462,2011,0
2,Snappers nei_462,2012,0
2,Snappers nei_462,2013,0
2,Snappers nei_462,2014,0
2,Snappers nei_462,2015,0
2,Whiteleg shrimp_463,1985,35
2,Whiteleg shrimp_463,1986,43
2,Whiteleg shrimp_463,1987,286
2,Whiteleg shrimp_463,1988,551
2,Whiteleg shrimp_463,1989,2846
2,Whiteleg shrimp_463,1990,4371
2,Whiteleg shrimp_463,1991,5111
2,Whiteleg shrimp_463,1992,8326
2,Whiteleg shrimp_463,1993,11500
2,Whiteleg shrimp_463,1994,13454
2,Whiteleg shrimp_463,1995,15867
2,Whiteleg shrimp_463,1996,13315
2,Whiteleg shrimp_463,1997,17422
2,Whiteleg shrimp_463,1998,23749
2,Whiteleg shrimp_463,1999,29120
2,Whiteleg shrimp_464,2000,2039
2,Whiteleg shrimp_463,2000,31441
2,Whiteleg shrimp_464,2001,1961
2,Whiteleg shrimp_463,2001,46053
2,Whiteleg shrimp_464,2002,2717
2,Whiteleg shrimp_463,2002,43136
2,Whiteleg shrimp_464,2003,2941
2,Whiteleg shrimp_463,2003,42916
2,Whiteleg shrimp_464,2004,4630
2,Whiteleg shrimp_463,2004,57731
2,Whiteleg shrimp_465,2005,511
2,Whiteleg shrimp_466,2005,252
2,Whiteleg shrimp_464,2005,2653
2,Whiteleg shrimp_463,2005,3766
2,Whiteleg shrimp_467,2005,82826
2,Whiteleg shrimp_465,2006,952
2,Whiteleg shrimp_466,2006,172
2,Whiteleg shrimp_464,2006,2681
2,Whiteleg shrimp_463,2006,3647
2,Whiteleg shrimp_467,2006,105043
2,Whiteleg shrimp_465,2007,766
2,Whiteleg shrimp_466,2007,185
2,Whiteleg shrimp_464,2007,2317
2,Whiteleg shrimp_463,2007,2954
2,Whiteleg shrimp_467,2007,105565
2,Whiteleg shrimp_465,2008,876
2,Whiteleg shrimp_466,2008,257
2,Whiteleg shrimp_464,2008,2491
2,Whiteleg shrimp_463,2008,4408
2,Whiteleg shrimp_467,2008,122169
2,Whiteleg shrimp_465,2009,808
2,Whiteleg shrimp_466,2009,309
2,Whiteleg shrimp_464,2009,2165
2,Whiteleg shrimp_463,2009,4062
2,Whiteleg shrimp_467,2009,118434
2,Whiteleg shrimp_465,2010,0
2,Whiteleg shrimp_466,2010,5321
2,Whiteleg shrimp_464,2010,0
2,Whiteleg shrimp_463,2010,0
2,Whiteleg shrimp_467,2010,99291
2,Whiteleg shrimp_465,2011,0
2,Whiteleg shrimp_466,2011,2930
2,Whiteleg shrimp_464,2011,0
2,Whiteleg shrimp_463,2011,0
2,Whiteleg shrimp_467,2011,106886
2,Whiteleg shrimp_465,2012,0
2,Whiteleg shrimp_466,2012,3851
2,Whiteleg shrimp_464,2012,0
2,Whiteleg shrimp_463,2012,0
2,Whiteleg shrimp_467,2012,96469
2,Whiteleg shrimp_465,2013,0
2,Whiteleg shrimp_466,2013,3956.39
2,Whiteleg shrimp_464,2013,3956.39
2,Whiteleg shrimp_463,2013,56336
2,Whiteleg shrimp_467,2013,56336
2,Whiteleg shrimp_465,2014,0
2,Whiteleg shrimp_466,2014,4334
2,Whiteleg shrimp_464,2014,0
2,Whiteleg shrimp_463,2014,0
2,Whiteleg shrimp_467,2014,82638.9
2,Whiteleg shrimp_465,2015,0
2,Whiteleg shrimp_466,2015,3095.58
2,Whiteleg shrimp_464,2015,0
2,Whiteleg shrimp_463,2015,0
2,Whiteleg shrimp_467,2015,127265.41
2,Yellowfin tuna_468,1998,79
2,Yellowfin tuna_468,1999,29
2,Yellowfin tuna_468,2000,116
2,Yellowfin tuna_468,2001,0
2,Yellowfin tuna_468,2002,0
2,Yellowfin tuna_468,2003,0
2,Yellowfin tuna_468,2004,0
2,Yellowfin tuna_468,2005,1133
2,Yellowfin tuna_468,2006,1183
2,Yellowfin tuna_468,2007,2078
2,Yellowfin tuna_468,2008,3
2,Yellowfin tuna_468,2009,0
2,Yellowfin tuna_468,2010,0
2,Yellowfin tuna_468,2011,0
2,Yellowfin tuna_468,2012,38
2,Yellowfin tuna_468,2013,170.73
2,Yellowfin tuna_468,2014,61
2,Yellowfin tuna_468,2015,0.67
3,Abalones nei_447,1995,0.1
3,Abalones nei_447,1996,1
3,Abalones nei_447,1997,0.1
3,Abalones nei_447,1998,4
3,Abalones nei_447,1999,2
3,Abalones nei_447,2000,9
3,Abalones nei_447,2001,16
3,Abalones nei_447,2002,25
3,Abalones nei_447,2003,25
3,Abalones nei_447,2004,31
3,Abalones nei_447,2005,18
3,Abalones nei_447,2006,19
3,Abalones nei_447,2007,10
3,Abalones nei_447,2008,0.05
3,Abalones nei_447,2009,0
3,Abalones nei_447,2010,0
3,Abalones nei_447,2011,0
3,Abalones nei_447,2012,0
3,Abalones nei_447,2013,8.22
3,Abalones nei_447,2014,0.45
3,Abalones nei_447,2015,1.77
3,American cupped oyster_448,2000,283
3,American cupped oyster_448,2001,510
3,American cupped oyster_448,2002,295
3,American cupped oyster_448,2003,400
3,American cupped oyster_448,2004,292
3,American cupped oyster_448,2005,2727
3,American cupped oyster_448,2006,1749
3,American cupped oyster_448,2007,1
3,American cupped oyster_448,2008,0
3,American cupped oyster_448,2009,0
3,American cupped oyster_448,2010,0
3,American cupped oyster_448,2011,0
3,American cupped oyster_448,2012,0
3,American cupped oyster_448,2013,0
3,American cupped oyster_448,2014,0
3,American cupped oyster_448,2015,0
3,Bastard halibuts nei_449,2007,47
3,Bastard halibuts nei_449,2008,56
3,Bastard halibuts nei_449,2009,52
3,Bastard halibuts nei_449,2010,1
3,Bastard halibuts nei_449,2011,0
3,Bastard halibuts nei_449,2012,0
3,Bastard halibuts nei_449,2013,0
3,Bastard halibuts nei_449,2014,0
3,Bastard halibuts nei_449,2015,0
3,"Clams, etc. nei_450",2001,169
3,"Clams, etc. nei_450",2002,1
3,"Clams, etc. nei_450",2003,1
3,"Clams, etc. nei_450",2004,1
3,"Clams, etc. nei_450",2005,75
3,"Clams, etc. nei_450",2006,78
3,"Clams, etc. nei_450",2007,22
3,"Clams, etc. nei_450",2008,148
3,"Clams, etc. nei_450",2009,175
3,"Clams, etc. nei_450",2010,251
3,"Clams, etc. nei_450",2011,349
3,"Clams, etc. nei_450",2012,325
3,"Clams, etc. nei_450",2013,370.49
3,"Clams, etc. nei_450",2014,521
3,"Clams, etc. nei_450",2015,440.53
3,Cortez oyster_451,1994,91
3,Cortez oyster_451,1995,0
3,Cortez oyster_451,1996,174
3,Cortez oyster_451,1997,0
3,Cortez oyster_451,1998,0
3,Cortez oyster_451,1999,0
3,Cortez oyster_451,2000,685
3,Cortez oyster_451,2001,593
3,Cortez oyster_451,2002,21
3,Cortez oyster_451,2003,409
3,Cortez oyster_451,2004,317
3,Cortez oyster_451,2005,593
3,Cortez oyster_451,2006,619
3,Cortez oyster_451,2007,8
3,Cortez oyster_451,2008,1162
3,Cortez oyster_451,2009,1200
3,Cortez oyster_451,2010,1036
3,Cortez oyster_451,2011,608
3,Cortez oyster_451,2012,2590
3,Cortez oyster_451,2013,2421.46
3,Cortez oyster_451,2014,1150
3,Cortez oyster_451,2015,1321.9
3,Crevalle jack_452,2002,2
3,Crevalle jack_452,2003,2
3,Crevalle jack_452,2004,2
3,Crevalle jack_452,2005,0
3,Crevalle jack_452,2006,0
3,Crevalle jack_452,2007,0
3,Crevalle jack_452,2008,0
3,Crevalle jack_452,2009,0
3,Crevalle jack_452,2010,1
3,Crevalle jack_452,2011,5
3,Crevalle jack_452,2012,0.02
3,Crevalle jack_452,2013,0
3,Crevalle jack_452,2014,0
3,Crevalle jack_452,2015,0
3,Flathead grey mullet_453,1994,3
3,Flathead grey mullet_453,1995,0.1
3,Flathead grey mullet_453,1996,0.1
3,Flathead grey mullet_453,1997,0.1
3,Flathead grey mullet_453,1998,0.1
3,Flathead grey mullet_453,1999,0.1
3,Flathead grey mullet_453,2000,1
3,Flathead grey mullet_453,2001,0.1
3,Flathead grey mullet_453,2002,0.1
3,Flathead grey mullet_453,2003,0.1
3,Flathead grey mullet_453,2004,0.1
3,Flathead grey mullet_453,2005,0
3,Flathead grey mullet_453,2006,0
3,Flathead grey mullet_453,2007,0
3,Flathead grey mullet_453,2008,0
3,Flathead grey mullet_453,2009,0
3,Flathead grey mullet_453,2010,0
3,Flathead grey mullet_453,2011,0
3,Flathead grey mullet_453,2012,0
3,Flathead grey mullet_453,2013,0
3,Flathead grey mullet_453,2014,0
3,Flathead grey mullet_453,2015,0
3,Largemouth black bass_454,1994,109
3,Largemouth black bass_454,1995,23
3,Largemouth black bass_454,1996,60
3,Largemouth black bass_454,1997,145
3,Largemouth black bass_454,1998,190
3,Largemouth black bass_454,1999,153
3,Largemouth black bass_454,2000,136
3,Largemouth black bass_454,2001,125
3,Largemouth black bass_454,2002,332
3,Largemouth black bass_454,2003,200
3,Largemouth black bass_454,2004,247
3,Largemouth black bass_454,2005,1148
3,Largemouth black bass_454,2006,1198
3,Largemouth black bass_454,2007,543
3,Largemouth black bass_454,2008,440
3,Largemouth black bass_454,2009,394
3,Largemouth black bass_454,2010,0
3,Largemouth black bass_454,2011,0
3,Largemouth black bass_454,2012,0.44
3,Largemouth black bass_454,2013,3.87
3,Largemouth black bass_454,2014,58
3,Largemouth black bass_454,2015,26.83
3,Marine fishes nei_455,1999,6
3,Marine fishes nei_455,2000,0.1
3,Marine fishes nei_455,2001,0.1
3,Marine fishes nei_455,2002,0.1
3,Marine fishes nei_455,2003,0.1
3,Marine fishes nei_455,2004,0.1
3,Marine fishes nei_455,2005,0
3,Marine fishes nei_455,2006,0
3,Marine fishes nei_455,2007,0
3,Marine fishes nei_455,2008,0
3,Marine fishes nei_455,2009,0
3,Marine fishes nei_455,2010,0
3,Marine fishes nei_455,2011,0
3,Marine fishes nei_455,2012,0
3,Marine fishes nei_455,2013,0
3,Marine fishes nei_455,2014,0
3,Marine fishes nei_455,2015,0
3,Pacific bluefin tuna_456,2001,521
3,Pacific bluefin tuna_456,2002,517
3,Pacific bluefin tuna_456,2003,517
3,Pacific bluefin tuna_456,2004,4193
3,Pacific bluefin tuna_456,2005,3402
3,Pacific bluefin tuna_456,2006,3552
3,Pacific bluefin tuna_456,2007,734
3,Pacific bluefin tuna_456,2008,2919
3,Pacific bluefin tuna_456,2009,2987
3,Pacific bluefin tuna_456,2010,2008
3,Pacific bluefin tuna_456,2011,3557
3,Pacific bluefin tuna_456,2012,1784
3,Pacific bluefin tuna_456,2013,6228.42
3,Pacific bluefin tuna_456,2014,8286
3,Pacific bluefin tuna_456,2015,7854.24
3,Pacific calico scallop_457,1987,20
3,Pacific calico scallop_457,1988,20
3,Pacific calico scallop_457,1989,20
3,Pacific calico scallop_457,1990,30
3,Pacific calico scallop_457,1991,10
3,Pacific calico scallop_457,1992,60
3,Pacific calico scallop_457,1993,60
3,Pacific calico scallop_457,1994,41
3,Pacific calico scallop_457,1995,14
3,Pacific calico scallop_457,1996,10
3,Pacific calico scallop_457,1997,10
3,Pacific calico scallop_457,1998,3
3,Pacific calico scallop_457,1999,0
3,Pacific calico scallop_457,2000,0
3,Pacific calico scallop_457,2001,127
3,Pacific calico scallop_457,2002,3
3,Pacific calico scallop_457,2003,3
3,Pacific calico scallop_457,2004,3
3,Pacific calico scallop_457,2005,0.1
3,Pacific calico scallop_457,2006,0.1
3,Pacific calico scallop_457,2007,0.25
3,Pacific calico scallop_457,2008,0
3,Pacific calico scallop_457,2009,0
3,Pacific calico scallop_457,2010,0
3,Pacific calico scallop_457,2011,0
3,Pacific calico scallop_457,2012,0
3,Pacific calico scallop_457,2013,0
3,Pacific calico scallop_457,2014,0
3,Pacific calico scallop_457,2015,0
3,Pacific cupped oyster_458,1990,2186
3,Pacific cupped oyster_458,1991,2282
3,Pacific cupped oyster_458,1992,1593
3,Pacific cupped oyster_458,1993,993
3,Pacific cupped oyster_458,1994,929
3,Pacific cupped oyster_458,1995,2507
3,Pacific cupped oyster_458,1996,2702
3,Pacific cupped oyster_458,1997,2831
3,Pacific cupped oyster_458,1998,2055
3,Pacific cupped oyster_458,1999,1575
3,Pacific cupped oyster_458,2000,503
3,Pacific cupped oyster_458,2001,892
3,Pacific cupped oyster_458,2002,654
3,Pacific cupped oyster_458,2003,762
3,Pacific cupped oyster_458,2004,639
3,Pacific cupped oyster_458,2005,1417
3,Pacific cupped oyster_458,2006,1479
3,Pacific cupped oyster_458,2007,2099
3,Pacific cupped oyster_458,2008,1729
3,Pacific cupped oyster_458,2009,1558
3,Pacific cupped oyster_458,2010,2858
3,Pacific cupped oyster_458,2011,1963
3,Pacific cupped oyster_458,2012,2479
3,Pacific cupped oyster_458,2013,1974.66
3,Pacific cupped oyster_458,2014,3525
3,Pacific cupped oyster_458,2015,4275.77
3,Red abalone_459,2005,24
3,Red abalone_459,2006,26
3,Red abalone_459,2007,13
3,Red abalone_459,2008,30
3,Red abalone_459,2009,47
3,Red abalone_459,2010,23
3,Red abalone_459,2011,40
3,Red abalone_459,2012,64
3,Red abalone_459,2013,59.68
3,Red abalone_459,2014,22
3,Red abalone_459,2015,18.65
3,Red drum_460,2007,3
3,Red drum_460,2008,23
3,Red drum_460,2009,23
3,Red drum_460,2010,3
3,Red drum_460,2011,0
3,Red drum_460,2012,0
3,Red drum_460,2013,566.02
3,Red drum_460,2014,199
3,Red drum_460,2015,101.47
3,Sea mussels nei_461,1994,18
3,Sea mussels nei_461,1995,35
3,Sea mussels nei_461,1996,106
3,Sea mussels nei_461,1997,197
3,Sea mussels nei_461,1998,53
3,Sea mussels nei_461,1999,68
3,Sea mussels nei_461,2000,88
3,Sea mussels nei_461,2001,104
3,Sea mussels nei_461,2002,18
3,Sea mussels nei_461,2003,18
3,Sea mussels nei_461,2004,18
3,Sea mussels nei_461,2005,119
3,Sea mussels nei_461,2006,125
3,Sea mussels nei_461,2007,280
3,Sea mussels nei_461,2008,354
3,Sea mussels nei_461,2009,427
3,Sea mussels nei_461,2010,218
3,Sea mussels nei_461,2011,465
3,Sea mussels nei_461,2012,284
3,Sea mussels nei_461,2013,248.65
3,Sea mussels nei_461,2014,408
3,Sea mussels nei_461,2015,270.32
3,Snappers nei_462,2007,5
3,Snappers nei_462,2008,8
3,Snappers nei_462,2009,8
3,Snappers nei_462,2010,3
3,Snappers nei_462,2011,0
3,Snappers nei_462,2012,0
3,Snappers nei_462,2013,0
3,Snappers nei_462,2014,0
3,Snappers nei_462,2015,0
3,Whiteleg shrimp_463,1985,35
3,Whiteleg shrimp_463,1986,43
3,Whiteleg shrimp_463,1987,286
3,Whiteleg shrimp_463,1988,551
3,Whiteleg shrimp_463,1989,2846
3,Whiteleg shrimp_463,1990,4371
3,Whiteleg shrimp_463,1991,5111
3,Whiteleg shrimp_463,1992,8326
3,Whiteleg shrimp_463,1993,11500
3,Whiteleg shrimp_463,1994,13454
3,Whiteleg shrimp_463,1995,15867
3,Whiteleg shrimp_463,1996,13315
3,Whiteleg shrimp_463,1997,17422
3,Whiteleg shrimp_463,1998,23749
3,Whiteleg shrimp_463,1999,29120
3,Whiteleg shrimp_464,2000,2039
3,Whiteleg shrimp_463,2000,31441
3,Whiteleg shrimp_464,2001,1961
3,Whiteleg shrimp_463,2001,46053
3,Whiteleg shrimp_464,2002,2717
3,Whiteleg shrimp_463,2002,43136
3,Whiteleg shrimp_464,2003,2941
3,Whiteleg shrimp_463,2003,42916
3,Whiteleg shrimp_464,2004,4630
3,Whiteleg shrimp_463,2004,57731
3,Whiteleg shrimp_465,2005,511
3,Whiteleg shrimp_466,2005,252
3,Whiteleg shrimp_464,2005,2653
3,Whiteleg shrimp_463,2005,3766
3,Whiteleg shrimp_467,2005,82826
3,Whiteleg shrimp_465,2006,952
3,Whiteleg shrimp_466,2006,172
3,Whiteleg shrimp_464,2006,2681
3,Whiteleg shrimp_463,2006,3647
3,Whiteleg shrimp_467,2006,105043
3,Whiteleg shrimp_465,2007,766
3,Whiteleg shrimp_466,2007,185
3,Whiteleg shrimp_464,2007,2317
3,Whiteleg shrimp_463,2007,2954
3,Whiteleg shrimp_467,2007,105565
3,Whiteleg shrimp_465,2008,876
3,Whiteleg shrimp_466,2008,257
3,Whiteleg shrimp_464,2008,2491
3,Whiteleg shrimp_463,2008,4408
3,Whiteleg shrimp_467,2008,122169
3,Whiteleg shrimp_465,2009,808
3,Whiteleg shrimp_466,2009,309
3,Whiteleg shrimp_464,2009,2165
3,Whiteleg shrimp_463,2009,4062
3,Whiteleg shrimp_467,2009,118434
3,Whiteleg shrimp_465,2010,0
3,Whiteleg shrimp_466,2010,5321
3,Whiteleg shrimp_464,2010,0
3,Whiteleg shrimp_463,2010,0
3,Whiteleg shrimp_467,2010,99291
3,Whiteleg shrimp_465,2011,0
3,Whiteleg shrimp_466,2011,2930
3,Whiteleg shrimp_464,2011,0
3,Whiteleg shrimp_463,2011,0
3,Whiteleg shrimp_467,2011,106886
3,Whiteleg shrimp_465,2012,0
3,Whiteleg shrimp_466,2012,3851
3,Whiteleg shrimp_464,2012,0
3,Whiteleg shrimp_463,2012,0
3,Whiteleg shrimp_467,2012,96469
3,Whiteleg shrimp_465,2013,0
3,Whiteleg shrimp_466,2013,3956.39
3,Whiteleg shrimp_464,2013,3956.39
3,Whiteleg shrimp_463,2013,56336
3,Whiteleg shrimp_467,2013,56336
3,Whiteleg shrimp_465,2014,0
3,Whiteleg shrimp_466,2014,4334
3,Whiteleg shrimp_464,2014,0
3,Whiteleg shrimp_463,2014,0
3,Whiteleg shrimp_467,2014,82638.9
3,Whiteleg shrimp_465,2015,0
3,Whiteleg shrimp_466,2015,3095.58
3,Whiteleg shrimp_464,2015,0
3,Whiteleg shrimp_463,2015,0
3,Whiteleg shrimp_467,2015,127265.41
3,Yellowfin tuna_468,1998,79
3,Yellowfin tuna_468,1999,29
3,Yellowfin tuna_468,2000,116
3,Yellowfin tuna_468,2001,0
3,Yellowfin tuna_468,2002,0
3,Yellowfin tuna_468,2003,0
3,Yellowfin tuna_468,2004,0
3,Yellowfin tuna_468,2005,1133
3,Yellowfin tuna_468,2006,1183
3,Yellowfin tuna_468,2007,2078
3,Yellowfin tuna_468,2008,3
3,Yellowfin tuna_468,2009,0
3,Yellowfin tuna_468,2010,0
3,Yellowfin tuna_468,2011,0
3,Yellowfin tuna_468,2012,38
3,Yellowfin tuna_468,2013,170.73
3,Yellowfin tuna_468,2014,61
3,Yellowfin tuna_468,2015,0.67
4,Abalones nei_447,1995,0.1
4,Abalones nei_447,1996,1
4,Abalones nei_447,1997,0.1
4,Abalones nei_447,1998,4
4,Abalones nei_447,1999,2
4,Abalones nei_447,2000,9
4,Abalones nei_447,2001,16
4,Abalones nei_447,2002,25
4,Abalones nei_447,2003,25
4,Abalones nei_447,2004,31
4,Abalones nei_447,2005,18
4,Abalones nei_447,2006,19
4,Abalones nei_447,2007,10
4,Abalones nei_447,2008,0.05
4,Abalones nei_447,2009,0
4,Abalones nei_447,2010,0
4,Abalones nei_447,2011,0
4,Abalones nei_447,2012,0
4,Abalones nei_447,2013,8.22
4,Abalones nei_447,2014,0.45
4,Abalones nei_447,2015,1.77
4,American cupped oyster_448,2000,283
4,American cupped oyster_448,2001,510
4,American cupped oyster_448,2002,295
4,American cupped oyster_448,2003,400
4,American cupped oyster_448,2004,292
4,American cupped oyster_448,2005,2727
4,American cupped oyster_448,2006,1749
4,American cupped oyster_448,2007,1
4,American cupped oyster_448,2008,0
4,American cupped oyster_448,2009,0
4,American cupped oyster_448,2010,0
4,American cupped oyster_448,2011,0
4,American cupped oyster_448,2012,0
4,American cupped oyster_448,2013,0
4,American cupped oyster_448,2014,0
4,American cupped oyster_448,2015,0
4,Bastard halibuts nei_449,2007,47
4,Bastard halibuts nei_449,2008,56
4,Bastard halibuts nei_449,2009,52
4,Bastard halibuts nei_449,2010,1
4,Bastard halibuts nei_449,2011,0
4,Bastard halibuts nei_449,2012,0
4,Bastard halibuts nei_449,2013,0
4,Bastard halibuts nei_449,2014,0
4,Bastard halibuts nei_449,2015,0
4,"Clams, etc. nei_450",2001,169
4,"Clams, etc. nei_450",2002,1
4,"Clams, etc. nei_450",2003,1
4,"Clams, etc. nei_450",2004,1
4,"Clams, etc. nei_450",2005,75
4,"Clams, etc. nei_450",2006,78
4,"Clams, etc. nei_450",2007,22
4,"Clams, etc. nei_450",2008,148
4,"Clams, etc. nei_450",2009,175
4,"Clams, etc. nei_450",2010,251
4,"Clams, etc. nei_450",2011,349
4,"Clams, etc. nei_450",2012,325
4,"Clams, etc. nei_450",2013,370.49
4,"Clams, etc. nei_450",2014,521
4,"Clams, etc. nei_450",2015,440.53
4,Cortez oyster_451,1994,91
4,Cortez oyster_451,1995,0
4,Cortez oyster_451,1996,174
4,Cortez oyster_451,1997,0
4,Cortez oyster_451,1998,0
4,Cortez oyster_451,1999,0
4,Cortez oyster_451,2000,685
4,Cortez oyster_451,2001,593
4,Cortez oyster_451,2002,21
4,Cortez oyster_451,2003,409
4,Cortez oyster_451,2004,317
4,Cortez oyster_451,2005,593
4,Cortez oyster_451,2006,619
4,Cortez oyster_451,2007,8
4,Cortez oyster_451,2008,1162
4,Cortez oyster_451,2009,1200
4,Cortez oyster_451,2010,1036
4,Cortez oyster_451,2011,608
4,Cortez oyster_451,2012,2590
4,Cortez oyster_451,2013,2421.46
4,Cortez oyster_451,2014,1150
4,Cortez oyster_451,2015,1321.9
4,Crevalle jack_452,2002,2
4,Crevalle jack_452,2003,2
4,Crevalle jack_452,2004,2
4,Crevalle jack_452,2005,0
4,Crevalle jack_452,2006,0
4,Crevalle jack_452,2007,0
4,Crevalle jack_452,2008,0
4,Crevalle jack_452,2009,0
4,Crevalle jack_452,2010,1
4,Crevalle jack_452,2011,5
4,Crevalle jack_452,2012,0.02
4,Crevalle jack_452,2013,0
4,Crevalle jack_452,2014,0
4,Crevalle jack_452,2015,0
4,Flathead grey mullet_453,1994,3
4,Flathead grey mullet_453,1995,0.1
4,Flathead grey mullet_453,1996,0.1
4,Flathead grey mullet_453,1997,0.1
4,Flathead grey mullet_453,1998,0.1
4,Flathead grey mullet_453,1999,0.1
4,Flathead grey mullet_453,2000,1
4,Flathead grey mullet_453,2001,0.1
4,Flathead grey mullet_453,2002,0.1
4,Flathead grey mullet_453,2003,0.1
4,Flathead grey mullet_453,2004,0.1
4,Flathead grey mullet_453,2005,0
4,Flathead grey mullet_453,2006,0
4,Flathead grey mullet_453,2007,0
4,Flathead grey mullet_453,2008,0
4,Flathead grey mullet_453,2009,0
4,Flathead grey mullet_453,2010,0
4,Flathead grey mullet_453,2011,0
4,Flathead grey mullet_453,2012,0
4,Flathead grey mullet_453,2013,0
4,Flathead grey mullet_453,2014,0
4,Flathead grey mullet_453,2015,0
4,Largemouth black bass_454,1994,109
4,Largemouth black bass_454,1995,23
4,Largemouth black bass_454,1996,60
4,Largemouth black bass_454,1997,145
4,Largemouth black bass_454,1998,190
4,Largemouth black bass_454,1999,153
4,Largemouth black bass_454,2000,136
4,Largemouth black bass_454,2001,125
4,Largemouth black bass_454,2002,332
4,Largemouth black bass_454,2003,200
4,Largemouth black bass_454,2004,247
4,Largemouth black bass_454,2005,1148
4,Largemouth black bass_454,2006,1198
4,Largemouth black bass_454,2007,543
4,Largemouth black bass_454,2008,440
4,Largemouth black bass_454,2009,394
4,Largemouth black bass_454,2010,0
4,Largemouth black bass_454,2011,0
4,Largemouth black bass_454,2012,0.44
4,Largemouth black bass_454,2013,3.87
4,Largemouth black bass_454,2014,58
4,Largemouth black bass_454,2015,26.83
4,Marine fishes nei_455,1999,6
4,Marine fishes nei_455,2000,0.1
4,Marine fishes nei_455,2001,0.1
4,Marine fishes nei_455,2002,0.1
4,Marine fishes nei_455,2003,0.1
4,Marine fishes nei_455,2004,0.1
4,Marine fishes nei_455,2005,0
4,Marine fishes nei_455,2006,0
4,Marine fishes nei_455,2007,0
4,Marine fishes nei_455,2008,0
4,Marine fishes nei_455,2009,0
4,Marine fishes nei_455,2010,0
4,Marine fishes nei_455,2011,0
4,Marine fishes nei_455,2012,0
4,Marine fishes nei_455,2013,0
4,Marine fishes nei_455,2014,0
4,Marine fishes nei_455,2015,0
4,Pacific bluefin tuna_456,2001,521
4,Pacific bluefin tuna_456,2002,517
4,Pacific bluefin tuna_456,2003,517
4,Pacific bluefin tuna_456,2004,4193
4,Pacific bluefin tuna_456,2005,3402
4,Pacific bluefin tuna_456,2006,3552
4,Pacific bluefin tuna_456,2007,734
4,Pacific bluefin tuna_456,2008,2919
4,Pacific bluefin tuna_456,2009,2987
4,Pacific bluefin tuna_456,2010,2008
4,Pacific bluefin tuna_456,2011,3557
4,Pacific bluefin tuna_456,2012,1784
4,Pacific bluefin tuna_456,2013,6228.42
4,Pacific bluefin tuna_456,2014,8286
4,Pacific bluefin tuna_456,2015,7854.24
4,Pacific calico scallop_457,1987,20
4,Pacific calico scallop_457,1988,20
4,Pacific calico scallop_457,1989,20
4,Pacific calico scallop_457,1990,30
4,Pacific calico scallop_457,1991,10
4,Pacific calico scallop_457,1992,60
4,Pacific calico scallop_457,1993,60
4,Pacific calico scallop_457,1994,41
4,Pacific calico scallop_457,1995,14
4,Pacific calico scallop_457,1996,10
4,Pacific calico scallop_457,1997,10
4,Pacific calico scallop_457,1998,3
4,Pacific calico scallop_457,1999,0
4,Pacific calico scallop_457,2000,0
4,Pacific calico scallop_457,2001,127
4,Pacific calico scallop_457,2002,3
4,Pacific calico scallop_457,2003,3
4,Pacific calico scallop_457,2004,3
4,Pacific calico scallop_457,2005,0.1
4,Pacific calico scallop_457,2006,0.1
4,Pacific calico scallop_457,2007,0.25
4,Pacific calico scallop_457,2008,0
4,Pacific calico scallop_457,2009,0
4,Pacific calico scallop_457,2010,0
4,Pacific calico scallop_457,2011,0
4,Pacific calico scallop_457,2012,0
4,Pacific calico scallop_457,2013,0
4,Pacific calico scallop_457,2014,0
4,Pacific calico scallop_457,2015,0
4,Pacific cupped oyster_458,1990,2186
4,Pacific cupped oyster_458,1991,2282
4,Pacific cupped oyster_458,1992,1593
4,Pacific cupped oyster_458,1993,993
4,Pacific cupped oyster_458,1994,929
4,Pacific cupped oyster_458,1995,2507
4,Pacific cupped oyster_458,1996,2702
4,Pacific cupped oyster_458,1997,2831
4,Pacific cupped oyster_458,1998,2055
4,Pacific cupped oyster_458,1999,1575
4,Pacific cupped oyster_458,2000,503
4,Pacific cupped oyster_458,2001,892
4,Pacific cupped oyster_458,2002,654
4,Pacific cupped oyster_458,2003,762
4,Pacific cupped oyster_458,2004,639
4,Pacific cupped oyster_458,2005,1417
4,Pacific cupped oyster_458,2006,1479
4,Pacific cupped oyster_458,2007,2099
4,Pacific cupped oyster_458,2008,1729
4,Pacific cupped oyster_458,2009,1558
4,Pacific cupped oyster_458,2010,2858
4,Pacific cupped oyster_458,2011,1963
4,Pacific cupped oyster_458,2012,2479
4,Pacific cupped oyster_458,2013,1974.66
4,Pacific cupped oyster_458,2014,3525
4,Pacific cupped oyster_458,2015,4275.77
4,Red abalone_459,2005,24
4,Red abalone_459,2006,26
4,Red abalone_459,2007,13
4,Red abalone_459,2008,30
4,Red abalone_459,2009,47
4,Red abalone_459,2010,23
4,Red abalone_459,2011,40
4,Red abalone_459,2012,64
4,Red abalone_459,2013,59.68
4,Red abalone_459,2014,22
4,Red abalone_459,2015,18.65
4,Red drum_460,2007,3
4,Red drum_460,2008,23
4,Red drum_460,2009,23
4,Red drum_460,2010,3
4,Red drum_460,2011,0
4,Red drum_460,2012,0
4,Red drum_460,2013,566.02
4,Red drum_460,2014,199
4,Red drum_460,2015,101.47
4,Sea mussels nei_461,1994,18
4,Sea mussels nei_461,1995,35
4,Sea mussels nei_461,1996,106
4,Sea mussels nei_461,1997,197
4,Sea mussels nei_461,1998,53
4,Sea mussels nei_461,1999,68
4,Sea mussels nei_461,2000,88
4,Sea mussels nei_461,2001,104
4,Sea mussels nei_461,2002,18
4,Sea mussels nei_461,2003,18
4,Sea mussels nei_461,2004,18
4,Sea mussels nei_461,2005,119
4,Sea mussels nei_461,2006,125
4,Sea mussels nei_461,2007,280
4,Sea mussels nei_461,2008,354
4,Sea mussels nei_461,2009,427
4,Sea mussels nei_461,2010,218
4,Sea mussels nei_461,2011,465
4,Sea mussels nei_461,2012,284
4,Sea mussels nei_461,2013,248.65
4,Sea mussels nei_461,2014,408
4,Sea mussels nei_461,2015,270.32
4,Snappers nei_462,2007,5
4,Snappers nei_462,2008,8
4,Snappers nei_462,2009,8
4,Snappers nei_462,2010,3
4,Snappers nei_462,2011,0
4,Snappers nei_462,2012,0
4,Snappers nei_462,2013,0
4,Snappers nei_462,2014,0
4,Snappers nei_462,2015,0
4,Whiteleg shrimp_463,1985,35
4,Whiteleg shrimp_463,1986,43
4,Whiteleg shrimp_463,1987,286
4,Whiteleg shrimp_463,1988,551
4,Whiteleg shrimp_463,1989,2846
4,Whiteleg shrimp_463,1990,4371
4,Whiteleg shrimp_463,1991,5111
4,Whiteleg shrimp_463,1992,8326
4,Whiteleg shrimp_463,1993,11500
4,Whiteleg shrimp_463,1994,13454
4,Whiteleg shrimp_463,1995,15867
4,Whiteleg shrimp_463,1996,13315
4,Whiteleg shrimp_463,1997,17422
4,Whiteleg shrimp_463,1998,23749
4,Whiteleg shrimp_463,1999,29120
4,Whiteleg shrimp_464,2000,2039
4,Whiteleg shrimp_463,2000,31441
4,Whiteleg shrimp_464,2001,1961
4,Whiteleg shrimp_463,2001,46053
4,Whiteleg shrimp_464,2002,2717
4,Whiteleg shrimp_463,2002,43136
4,Whiteleg shrimp_464,2003,2941
4,Whiteleg shrimp_463,2003,42916
4,Whiteleg shrimp_464,2004,4630
4,Whiteleg shrimp_463,2004,57731
4,Whiteleg shrimp_465,2005,511
4,Whiteleg shrimp_466,2005,252
4,Whiteleg shrimp_464,2005,2653
4,Whiteleg shrimp_463,2005,3766
4,Whiteleg shrimp_467,2005,82826
4,Whiteleg shrimp_465,2006,952
4,Whiteleg shrimp_466,2006,172
4,Whiteleg shrimp_464,2006,2681
4,Whiteleg shrimp_463,2006,3647
4,Whiteleg shrimp_467,2006,105043
4,Whiteleg shrimp_465,2007,766
4,Whiteleg shrimp_466,2007,185
4,Whiteleg shrimp_464,2007,2317
4,Whiteleg shrimp_463,2007,2954
4,Whiteleg shrimp_467,2007,105565
4,Whiteleg shrimp_465,2008,876
4,Whiteleg shrimp_466,2008,257
4,Whiteleg shrimp_464,2008,2491
4,Whiteleg shrimp_463,2008,4408
4,Whiteleg shrimp_467,2008,122169
4,Whiteleg shrimp_465,2009,808
4,Whiteleg shrimp_466,2009,309
4,Whiteleg shrimp_464,2009,2165
4,Whiteleg shrimp_463,2009,4062
4,Whiteleg shrimp_467,2009,118434
4,Whiteleg shrimp_465,2010,0
4,Whiteleg shrimp_466,2010,5321
4,Whiteleg shrimp_464,2010,0
4,Whiteleg shrimp_463,2010,0
4,Whiteleg shrimp_467,2010,99291
4,Whiteleg shrimp_465,2011,0
4,Whiteleg shrimp_466,2011,2930
4,Whiteleg shrimp_464,2011,0
4,Whiteleg shrimp_463,2011,0
4,Whiteleg shrimp_467,2011,106886
4,Whiteleg shrimp_465,2012,0
4,Whiteleg shrimp_466,2012,3851
4,Whiteleg shrimp_464,2012,0
4,Whiteleg shrimp_463,2012,0
4,Whiteleg shrimp_467,2012,96469
4,Whiteleg shrimp_465,2013,0
4,Whiteleg shrimp_466,2013,3956.39
4,Whiteleg shrimp_464,2013,3956.39
4,Whiteleg shrimp_463,2013,56336
4,Whiteleg shrimp_467,2013,56336
4,Whiteleg shrimp_465,2014,0
4,Whiteleg shrimp_466,2014,4334
4,Whiteleg shrimp_464,2014,0
4,Whiteleg shrimp_463,2014,0
4,Whiteleg shrimp_467,2014,82638.9
4,Whiteleg shrimp_465,2015,0
4,Whiteleg shrimp_466,2015,3095.58
4,Whiteleg shrimp_464,2015,0
4,Whiteleg shrimp_463,2015,0
4,Whiteleg shrimp_467,2015,127265.41
4,Yellowfin tuna_468,1998,79
4,Yellowfin tuna_468,1999,29
4,Yellowfin tuna_468,2000,116
4,Yellowfin tuna_468,2001,0
4,Yellowfin tuna_468,2002,0
4,Yellowfin tuna_468,2003,0
4,Yellowfin tuna_468,2004,0
4,Yellowfin tuna_468,2005,1133
4,Yellowfin tuna_468,2006,1183
4,Yellowfin tuna_468,2007,2078
4,Yellowfin tuna_468,2008,3
4,Yellowfin tuna_468,2009,0
4,Yellowfin tuna_468,2010,0
4,Yellowfin tuna_468,2011,0
4,Yellowfin tuna_468,2012,38
4,Yellowfin tuna_468,2013,170.73
4,Yellowfin tuna_468,2014,61
4,Yellowfin tuna_468,2015,0.67
5,Abalones nei_447,1995,0.1
5,Abalones nei_447,1996,1
5,Abalones nei_447,1997,0.1
5,Abalones nei_447,1998,4
5,Abalones nei_447,1999,2
5,Abalones nei_447,2000,9
5,Abalones nei_447,2001,16
5,Abalones nei_447,2002,25
5,Abalones nei_447,2003,25
5,Abalones nei_447,2004,31
5,Abalones nei_447,2005,18
5,Abalones nei_447,2006,19
5,Abalones nei_447,2007,10
5,Abalones nei_447,2008,0.05
5,Abalones nei_447,2009,0
5,Abalones nei_447,2010,0
5,Abalones nei_447,2011,0
5,Abalones nei_447,2012,0
5,Abalones nei_447,2013,8.22
5,Abalones nei_447,2014,0.45
5,Abalones nei_447,2015,1.77
5,American cupped oyster_448,2000,283
5,American cupped oyster_448,2001,510
5,American cupped oyster_448,2002,295
5,American cupped oyster_448,2003,400
5,American cupped oyster_448,2004,292
5,American cupped oyster_448,2005,2727
5,American cupped oyster_448,2006,1749
5,American cupped oyster_448,2007,1
5,American cupped oyster_448,2008,0
5,American cupped oyster_448,2009,0
5,American cupped oyster_448,2010,0
5,American cupped oyster_448,2011,0
5,American cupped oyster_448,2012,0
5,American cupped oyster_448,2013,0
5,American cupped oyster_448,2014,0
5,American cupped oyster_448,2015,0
5,Bastard halibuts nei_449,2007,47
5,Bastard halibuts nei_449,2008,56
5,Bastard halibuts nei_449,2009,52
5,Bastard halibuts nei_449,2010,1
5,Bastard halibuts nei_449,2011,0
5,Bastard halibuts nei_449,2012,0
5,Bastard halibuts nei_449,2013,0
5,Bastard halibuts nei_449,2014,0
5,Bastard halibuts nei_449,2015,0
5,"Clams, etc. nei_450",2001,169
5,"Clams, etc. nei_450",2002,1
5,"Clams, etc. nei_450",2003,1
5,"Clams, etc. nei_450",2004,1
5,"Clams, etc. nei_450",2005,75
5,"Clams, etc. nei_450",2006,78
5,"Clams, etc. nei_450",2007,22
5,"Clams, etc. nei_450",2008,148
5,"Clams, etc. nei_450",2009,175
5,"Clams, etc. nei_450",2010,251
5,"Clams, etc. nei_450",2011,349
5,"Clams, etc. nei_450",2012,325
5,"Clams, etc. nei_450",2013,370.49
5,"Clams, etc. nei_450",2014,521
5,"Clams, etc. nei_450",2015,440.53
5,Cortez oyster_451,1994,91
5,Cortez oyster_451,1995,0
5,Cortez oyster_451,1996,174
5,Cortez oyster_451,1997,0
5,Cortez oyster_451,1998,0
5,Cortez oyster_451,1999,0
5,Cortez oyster_451,2000,685
5,Cortez oyster_451,2001,593
5,Cortez oyster_451,2002,21
5,Cortez oyster_451,2003,409
5,Cortez oyster_451,2004,317
5,Cortez oyster_451,2005,593
5,Cortez oyster_451,2006,619
5,Cortez oyster_451,2007,8
5,Cortez oyster_451,2008,1162
5,Cortez oyster_451,2009,1200
5,Cortez oyster_451,2010,1036
5,Cortez oyster_451,2011,608
5,Cortez oyster_451,2012,2590
5,Cortez oyster_451,2013,2421.46
5,Cortez oyster_451,2014,1150
5,Cortez oyster_451,2015,1321.9
5,Crevalle jack_452,2002,2
5,Crevalle jack_452,2003,2
5,Crevalle jack_452,2004,2
5,Crevalle jack_452,2005,0
5,Crevalle jack_452,2006,0
5,Crevalle jack_452,2007,0
5,Crevalle jack_452,2008,0
5,Crevalle jack_452,2009,0
5,Crevalle jack_452,2010,1
5,Crevalle jack_452,2011,5
5,Crevalle jack_452,2012,0.02
5,Crevalle jack_452,2013,0
5,Crevalle jack_452,2014,0
5,Crevalle jack_452,2015,0
5,Flathead grey mullet_453,1994,3
5,Flathead grey mullet_453,1995,0.1
5,Flathead grey mullet_453,1996,0.1
5,Flathead grey mullet_453,1997,0.1
5,Flathead grey mullet_453,1998,0.1
5,Flathead grey mullet_453,1999,0.1
5,Flathead grey mullet_453,2000,1
5,Flathead grey mullet_453,2001,0.1
5,Flathead grey mullet_453,2002,0.1
5,Flathead grey mullet_453,2003,0.1
5,Flathead grey mullet_453,2004,0.1
5,Flathead grey mullet_453,2005,0
5,Flathead grey mullet_453,2006,0
5,Flathead grey mullet_453,2007,0
5,Flathead grey mullet_453,2008,0
5,Flathead grey mullet_453,2009,0
5,Flathead grey mullet_453,2010,0
5,Flathead grey mullet_453,2011,0
5,Flathead grey mullet_453,2012,0
5,Flathead grey mullet_453,2013,0
5,Flathead grey mullet_453,2014,0
5,Flathead grey mullet_453,2015,0
5,Largemouth black bass_454,1994,109
5,Largemouth black bass_454,1995,23
5,Largemouth black bass_454,1996,60
5,Largemouth black bass_454,1997,145
5,Largemouth black bass_454,1998,190
5,Largemouth black bass_454,1999,153
5,Largemouth black bass_454,2000,136
5,Largemouth black bass_454,2001,125
5,Largemouth black bass_454,2002,332
5,Largemouth black bass_454,2003,200
5,Largemouth black bass_454,2004,247
5,Largemouth black bass_454,2005,1148
5,Largemouth black bass_454,2006,1198
5,Largemouth black bass_454,2007,543
5,Largemouth black bass_454,2008,440
5,Largemouth black bass_454,2009,394
5,Largemouth black bass_454,2010,0
5,Largemouth black bass_454,2011,0
5,Largemouth black bass_454,2012,0.44
5,Largemouth black bass_454,2013,3.87
5,Largemouth black bass_454,2014,58
5,Largemouth black bass_454,2015,26.83
5,Marine fishes nei_455,1999,6
5,Marine fishes nei_455,2000,0.1
5,Marine fishes nei_455,2001,0.1
5,Marine fishes nei_455,2002,0.1
5,Marine fishes nei_455,2003,0.1
5,Marine fishes nei_455,2004,0.1
5,Marine fishes nei_455,2005,0
5,Marine fishes nei_455,2006,0
5,Marine fishes nei_455,2007,0
5,Marine fishes nei_455,2008,0
5,Marine fishes nei_455,2009,0
5,Marine fishes nei_455,2010,0
5,Marine fishes nei_455,2011,0
5,Marine fishes nei_455,2012,0
5,Marine fishes nei_455,2013,0
5,Marine fishes nei_455,2014,0
5,Marine fishes nei_455,2015,0
5,Pacific bluefin tuna_456,2001,521
5,Pacific bluefin tuna_456,2002,517
5,Pacific bluefin tuna_456,2003,517
5,Pacific bluefin tuna_456,2004,4193
5,Pacific bluefin tuna_456,2005,3402
5,Pacific bluefin tuna_456,2006,3552
5,Pacific bluefin tuna_456,2007,734
5,Pacific bluefin tuna_456,2008,2919
5,Pacific bluefin tuna_456,2009,2987
5,Pacific bluefin tuna_456,2010,2008
5,Pacific bluefin tuna_456,2011,3557
5,Pacific bluefin tuna_456,2012,1784
5,Pacific bluefin tuna_456,2013,6228.42
5,Pacific bluefin tuna_456,2014,8286
5,Pacific bluefin tuna_456,2015,7854.24
5,Pacific calico scallop_457,1987,20
5,Pacific calico scallop_457,1988,20
5,Pacific calico scallop_457,1989,20
5,Pacific calico scallop_457,1990,30
5,Pacific calico scallop_457,1991,10
5,Pacific calico scallop_457,1992,60
5,Pacific calico scallop_457,1993,60
5,Pacific calico scallop_457,1994,41
5,Pacific calico scallop_457,1995,14
5,Pacific calico scallop_457,1996,10
5,Pacific calico scallop_457,1997,10
5,Pacific calico scallop_457,1998,3
5,Pacific calico scallop_457,1999,0
5,Pacific calico scallop_457,2000,0
5,Pacific calico scallop_457,2001,127
5,Pacific calico scallop_457,2002,3
5,Pacific calico scallop_457,2003,3
5,Pacific calico scallop_457,2004,3
5,Pacific calico scallop_457,2005,0.1
5,Pacific calico scallop_457,2006,0.1
5,Pacific calico scallop_457,2007,0.25
5,Pacific calico scallop_457,2008,0
5,Pacific calico scallop_457,2009,0
5,Pacific calico scallop_457,2010,0
5,Pacific calico scallop_457,2011,0
5,Pacific calico scallop_457,2012,0
5,Pacific calico scallop_457,2013,0
5,Pacific calico scallop_457,2014,0
5,Pacific calico scallop_457,2015,0
5,Pacific cupped oyster_458,1990,2186
5,Pacific cupped oyster_458,1991,2282
5,Pacific cupped oyster_458,1992,1593
5,Pacific cupped oyster_458,1993,993
5,Pacific cupped oyster_458,1994,929
5,Pacific cupped oyster_458,1995,2507
5,Pacific cupped oyster_458,1996,2702
5,Pacific cupped oyster_458,1997,2831
5,Pacific cupped oyster_458,1998,2055
5,Pacific cupped oyster_458,1999,1575
5,Pacific cupped oyster_458,2000,503
5,Pacific cupped oyster_458,2001,892
5,Pacific cupped oyster_458,2002,654
5,Pacific cupped oyster_458,2003,762
5,Pacific cupped oyster_458,2004,639
5,Pacific cupped oyster_458,2005,1417
5,Pacific cupped oyster_458,2006,1479
5,Pacific cupped oyster_458,2007,2099
5,Pacific cupped oyster_458,2008,1729
5,Pacific cupped oyster_458,2009,1558
5,Pacific cupped oyster_458,2010,2858
5,Pacific cupped oyster_458,2011,1963
5,Pacific cupped oyster_458,2012,2479
5,Pacific cupped oyster_458,2013,1974.66
5,Pacific cupped oyster_458,2014,3525
5,Pacific cupped oyster_458,2015,4275.77
5,Red abalone_459,2005,24
5,Red abalone_459,2006,26
5,Red abalone_459,2007,13
5,Red abalone_459,2008,30
5,Red abalone_459,2009,47
5,Red abalone_459,2010,23
5,Red abalone_459,2011,40
5,Red abalone_459,2012,64
5,Red abalone_459,2013,59.68
5,Red abalone_459,2014,22
5,Red abalone_459,2015,18.65
5,Red drum_460,2007,3
5,Red drum_460,2008,23
5,Red drum_460,2009,23
5,Red drum_460,2010,3
5,Red drum_460,2011,0
5,Red drum_460,2012,0
5,Red drum_460,2013,566.02
5,Red drum_460,2014,199
5,Red drum_460,2015,101.47
5,Sea mussels nei_461,1994,18
5,Sea mussels nei_461,1995,35
5,Sea mussels nei_461,1996,106
5,Sea mussels nei_461,1997,197
5,Sea mussels nei_461,1998,53
5,Sea mussels nei_461,1999,68
5,Sea mussels nei_461,2000,88
5,Sea mussels nei_461,2001,104
5,Sea mussels nei_461,2002,18
5,Sea mussels nei_461,2003,18
5,Sea mussels nei_461,2004,18
5,Sea mussels nei_461,2005,119
5,Sea mussels nei_461,2006,125
5,Sea mussels nei_461,2007,280
5,Sea mussels nei_461,2008,354
5,Sea mussels nei_461,2009,427
5,Sea mussels nei_461,2010,218
5,Sea mussels nei_461,2011,465
5,Sea mussels nei_461,2012,284
5,Sea mussels nei_461,2013,248.65
5,Sea mussels nei_461,2014,408
5,Sea mussels nei_461,2015,270.32
5,Snappers nei_462,2007,5
5,Snappers nei_462,2008,8
5,Snappers nei_462,2009,8
5,Snappers nei_462,2010,3
5,Snappers nei_462,2011,0
5,Snappers nei_462,2012,0
5,Snappers nei_462,2013,0
5,Snappers nei_462,2014,0
5,Snappers nei_462,2015,0
5,Whiteleg shrimp_463,1985,35
5,Whiteleg shrimp_463,1986,43
5,Whiteleg shrimp_463,1987,286
5,Whiteleg shrimp_463,1988,551
5,Whiteleg shrimp_463,1989,2846
5,Whiteleg shrimp_463,1990,4371
5,Whiteleg shrimp_463,1991,5111
5,Whiteleg shrimp_463,1992,8326
5,Whiteleg shrimp_463,1993,11500
5,Whiteleg shrimp_463,1994,13454
5,Whiteleg shrimp_463,1995,15867
5,Whiteleg shrimp_463,1996,13315
5,Whiteleg shrimp_463,1997,17422
5,Whiteleg shrimp_463,1998,23749
5,Whiteleg shrimp_463,1999,29120
5,Whiteleg shrimp_464,2000,2039
5,Whiteleg shrimp_463,2000,31441
5,Whiteleg shrimp_464,2001,1961
5,Whiteleg shrimp_463,2001,46053
5,Whiteleg shrimp_464,2002,2717
5,Whiteleg shrimp_463,2002,43136
5,Whiteleg shrimp_464,2003,2941
5,Whiteleg shrimp_463,2003,42916
5,Whiteleg shrimp_464,2004,4630
5,Whiteleg shrimp_463,2004,57731
5,Whiteleg shrimp_465,2005,511
5,Whiteleg shrimp_466,2005,252
5,Whiteleg shrimp_464,2005,2653
5,Whiteleg shrimp_463,2005,3766
5,Whiteleg shrimp_467,2005,82826
5,Whiteleg shrimp_465,2006,952
5,Whiteleg shrimp_466,2006,172
5,Whiteleg shrimp_464,2006,2681
5,Whiteleg shrimp_463,2006,3647
5,Whiteleg shrimp_467,2006,105043
5,Whiteleg shrimp_465,2007,766
5,Whiteleg shrimp_466,2007,185
5,Whiteleg shrimp_464,2007,2317
5,Whiteleg shrimp_463,2007,2954
5,Whiteleg shrimp_467,2007,105565
5,Whiteleg shrimp_465,2008,876
5,Whiteleg shrimp_466,2008,257
5,Whiteleg shrimp_464,2008,2491
5,Whiteleg shrimp_463,2008,4408
5,Whiteleg shrimp_467,2008,122169
5,Whiteleg shrimp_465,2009,808
5,Whiteleg shrimp_466,2009,309
5,Whiteleg shrimp_464,2009,2165
5,Whiteleg shrimp_463,2009,4062
5,Whiteleg shrimp_467,2009,118434
5,Whiteleg shrimp_465,2010,0
5,Whiteleg shrimp_466,2010,5321
5,Whiteleg shrimp_464,2010,0
5,Whiteleg shrimp_463,2010,0
5,Whiteleg shrimp_467,2010,99291
5,Whiteleg shrimp_465,2011,0
5,Whiteleg shrimp_466,2011,2930
5,Whiteleg shrimp_464,2011,0
5,Whiteleg shrimp_463,2011,0
5,Whiteleg shrimp_467,2011,106886
5,Whiteleg shrimp_465,2012,0
5,Whiteleg shrimp_466,2012,3851
5,Whiteleg shrimp_464,2012,0
5,Whiteleg shrimp_463,2012,0
5,Whiteleg shrimp_467,2012,96469
5,Whiteleg shrimp_465,2013,0
5,Whiteleg shrimp_466,2013,3956.39
5,Whiteleg shrimp_464,2013,3956.39
5,Whiteleg shrimp_463,2013,56336
5,Whiteleg shrimp_467,2013,56336
5,Whiteleg shrimp_465,2014,0
5,Whiteleg shrimp_466,2014,4334
5,Whiteleg shrimp_464,2014,0
5,Whiteleg shrimp_463,2014,0
5,Whiteleg shrimp_467,2014,82638.9
5,Whiteleg shrimp_465,2015,0
5,Whiteleg shrimp_466,2015,3095.58
5,Whiteleg shrimp_464,2015,0
5,Whiteleg shrimp_463,2015,0
5,Whiteleg shrimp_467,2015,127265.41
5,Yellowfin tuna_468,1998,79
5,Yellowfin tuna_468,1999,29
5,Yellowfin tuna_468,2000,116
5,Yellowfin tuna_468,2001,0
5,Yellowfin tuna_468,2002,0
5,Yellowfin tuna_468,2003,0
5,Yellowfin tuna_468,2004,0
5,Yellowfin tuna_468,2005,1133
5,Yellowfin tuna_468,2006,1183
5,Yellowfin tuna_468,2007,2078
5,Yellowfin tuna_468,2008,3
5,Yellowfin tuna_468,2009,0
5,Yellowfin tuna_468,2010,0
5,Yellowfin tuna_468,2011,0
5,Yellowfin tuna_468,2012,38
5,Yellowfin tuna_468,2013,170.73
5,Yellowfin tuna_468,2014,61
5,Yellowfin tuna_468,2015,0.67
